feature,importance
petal length (cm),2.37402731210407
petal width (cm),1.0030847006597623
sepal width (cm),0.9606628922980237
sepal length (cm),0.3969657100008505
